{
  "lang":"ru",
  "name":"pipeline",
  "version":"0.0.0",
  "spacy_version":">=3.6.1,<3.7.0",
  "description":"",
  "author":"",
  "email":"",
  "url":"",
  "license":"",
  "spacy_git_version":"458bc5f45",
  "vectors":{
    "width":0,
    "vectors":0,
    "keys":0,
    "name":null,
    "mode":"default"
  },
  "labels":{
    "textcat_multilabel":[
      "A",
      "AAA",
      "AA+",
      "A-",
      "A+",
      "AA-",
      "AA"
    ]
  },
  "pipeline":[
    "textcat_multilabel"
  ],
  "components":[
    "textcat_multilabel"
  ],
  "disabled":[

  ],
  "performance":{
    "cats_score":0.8913038015,
    "cats_score_desc":"macro AUC",
    "cats_micro_p":0.796875,
    "cats_micro_r":0.68,
    "cats_micro_f":0.7338129496,
    "cats_macro_p":0.6867492452,
    "cats_macro_r":0.5786961994,
    "cats_macro_f":0.6206319956,
    "cats_macro_auc":0.8913038015,
    "cats_f_per_type":{
      "A":{
        "p":0.3333333333,
        "r":0.2,
        "f":0.25
      },
      "AAA":{
        "p":1.0,
        "r":0.85,
        "f":0.9189189189
      },
      "AA+":{
        "p":0.4,
        "r":0.5,
        "f":0.4444444444
      },
      "A-":{
        "p":0.8823529412,
        "r":0.7894736842,
        "f":0.8333333333
      },
      "A+":{
        "p":0.7272727273,
        "r":0.7272727273,
        "f":0.7272727273
      },
      "AA-":{
        "p":0.75,
        "r":0.4285714286,
        "f":0.5454545455
      },
      "AA":{
        "p":0.7142857143,
        "r":0.5555555556,
        "f":0.625
      }
    },
    "textcat_multilabel_loss":2.8186335492
  }
}