{
  "lang":"ru",
  "name":"pipeline",
  "version":"0.0.0",
  "spacy_version":">=3.6.1,<3.7.0",
  "description":"",
  "author":"",
  "email":"",
  "url":"",
  "license":"",
  "spacy_git_version":"458bc5f45",
  "vectors":{
    "width":0,
    "vectors":0,
    "keys":0,
    "name":null,
    "mode":"default"
  },
  "labels":{
    "textcat_multilabel":[
      "A",
      "AAA",
      "AA+",
      "A-",
      "A+",
      "AA-",
      "AA"
    ]
  },
  "pipeline":[
    "textcat_multilabel"
  ],
  "components":[
    "textcat_multilabel"
  ],
  "disabled":[

  ],
  "performance":{
    "cats_score":0.8817243539,
    "cats_score_desc":"macro AUC",
    "cats_micro_p":0.8846153846,
    "cats_micro_r":0.6133333333,
    "cats_micro_f":0.7244094488,
    "cats_macro_p":0.7897959184,
    "cats_macro_r":0.5101954019,
    "cats_macro_f":0.5997271317,
    "cats_macro_auc":0.8817243539,
    "cats_f_per_type":{
      "A":{
        "p":0.3333333333,
        "r":0.2,
        "f":0.25
      },
      "AAA":{
        "p":1.0,
        "r":0.9,
        "f":0.9473684211
      },
      "AA+":{
        "p":0.6666666667,
        "r":0.5,
        "f":0.5714285714
      },
      "A-":{
        "p":0.9285714286,
        "r":0.6842105263,
        "f":0.7878787879
      },
      "A+":{
        "p":1.0,
        "r":0.6363636364,
        "f":0.7777777778
      },
      "AA-":{
        "p":0.6,
        "r":0.4285714286,
        "f":0.5
      },
      "AA":{
        "p":1.0,
        "r":0.2222222222,
        "f":0.3636363636
      }
    },
    "textcat_multilabel_loss":1.4881232806
  }
}